x-axis,F1
Hertz,dBV
+0.0E+00,-56.29028E+00
+100E-03,-66.33013E+00
+200E-03,-70.78596E+00
+300E-03,-78.29453E+00
+400E-03,-77.63893E+00
+500E-03,-75.15923E+00
+600E-03,-78.40329E+00
+700E-03,-74.29352E+00
+800E-03,-72.93630E+00
+900E-03,-48.17389E+00
+1.000E+00,-30.93001E+00
+1.100E+00,-48.01379E+00
+1.200E+00,-78.53269E+00
+1.300E+00,-77.53944E+00
+1.400E+00,-79.04326E+00
+1.500E+00,-81.74978E+00
+1.600E+00,-78.71714E+00
+1.700E+00,-95.98300E+00
+1.800E+00,-81.17288E+00
+1.900E+00,-68.86260E+00
+2.000E+00,-49.39874E+00
+2.100E+00,-67.55117E+00
+2.200E+00,-81.66541E+00
+2.300E+00,-87.40698E+00
+2.400E+00,-76.09794E+00
+2.500E+00,-86.40315E+00
+2.600E+00,-89.92449E+00
+2.700E+00,-83.25807E+00
+2.800E+00,-77.70406E+00
+2.900E+00,-51.02949E+00
+3.000E+00,-33.06349E+00
+3.100E+00,-49.58634E+00
+3.200E+00,-74.51947E+00
+3.300E+00,-79.28999E+00
+3.400E+00,-85.35338E+00
+3.500E+00,-82.24151E+00
+3.600E+00,-81.13159E+00
+3.700E+00,-78.96080E+00
+3.800E+00,-73.02237E+00
+3.900E+00,-50.57159E+00
+4.000E+00,-31.28713E+00
+4.100E+00,-46.52316E+00
+4.200E+00,-85.68365E+00
+4.300E+00,-75.93875E+00
+4.400E+00,-84.18084E+00
+4.500E+00,-93.59038E+00
+4.600E+00,-77.75710E+00
+4.700E+00,-76.78778E+00
+4.800E+00,-78.08858E+00
+4.900E+00,-52.60939E+00
+5.000E+00,-32.75983E+00
+5.100E+00,-48.26824E+00
+5.200E+00,-78.11709E+00
+5.300E+00,-83.94817E+00
+5.400E+00,-78.10645E+00
+5.500E+00,-82.77989E+00
+5.600E+00,-79.20940E+00
+5.700E+00,-80.86060E+00
+5.800E+00,-76.56927E+00
+5.900E+00,-54.78224E+00
+6.000E+00,-34.99971E+00
+6.100E+00,-49.84367E+00
+6.200E+00,-77.40765E+00
+6.300E+00,-82.25904E+00
+6.400E+00,-87.26184E+00
+6.500E+00,-80.43699E+00
+6.600E+00,-77.75782E+00
+6.700E+00,-81.05509E+00
+6.800E+00,-76.53536E+00
+6.900E+00,-55.31910E+00
+7.000E+00,-34.35945E+00
+7.100E+00,-49.54950E+00
+7.200E+00,-77.32070E+00
+7.300E+00,-76.65805E+00
+7.400E+00,-87.24720E+00
+7.500E+00,-92.45729E+00
+7.600E+00,-91.06773E+00
+7.700E+00,-82.90040E+00
+7.800E+00,-75.60105E+00
+7.900E+00,-53.19928E+00
+8.000E+00,-32.29876E+00
+8.100E+00,-46.72932E+00
+8.200E+00,-86.02288E+00
+8.300E+00,-78.14947E+00
+8.400E+00,-81.26385E+00
+8.500E+00,-81.87242E+00
+8.600E+00,-83.18041E+00
+8.700E+00,-92.46413E+00
+8.800E+00,-74.28292E+00
+8.900E+00,-53.29050E+00
+9.000E+00,-31.26711E+00
+9.100E+00,-45.21627E+00
+9.200E+00,-75.30805E+00
+9.300E+00,-77.48584E+00
+9.400E+00,-86.89749E+00
+9.500E+00,-99.09283E+00
+9.600E+00,-84.66691E+00
+9.700E+00,-81.42160E+00
+9.800E+00,-73.77405E+00
+9.900E+00,-52.70416E+00
+10.000E+00,-31.37308E+00
+10.100E+00,-44.97463E+00
+10.200E+00,-85.77290E+00
+10.300E+00,-77.36280E+00
+10.400E+00,-85.69582E+00
+10.500E+00,-84.22567E+00
+10.600E+00,-85.83292E+00
+10.700E+00,-79.77523E+00
+10.800E+00,-74.21585E+00
+10.900E+00,-55.55315E+00
+11.000E+00,-31.87828E+00
+11.100E+00,-44.73059E+00
+11.200E+00,-77.33912E+00
+11.300E+00,-81.00575E+00
+11.400E+00,-90.64659E+00
+11.500E+00,-83.55819E+00
+11.600E+00,-82.46309E+00
+11.700E+00,-87.33798E+00
+11.800E+00,-71.67272E+00
+11.900E+00,-56.46893E+00
+12.000E+00,-32.23770E+00
+12.100E+00,-45.28364E+00
+12.200E+00,-81.19006E+00
+12.300E+00,-78.31176E+00
+12.400E+00,-103.78103E+00
+12.500E+00,-85.10483E+00
+12.600E+00,-85.18326E+00
+12.700E+00,-79.61113E+00
+12.800E+00,-75.83545E+00
+12.900E+00,-57.75552E+00
+13.000E+00,-32.98716E+00
+13.100E+00,-45.28375E+00
+13.200E+00,-85.83470E+00
+13.300E+00,-76.87422E+00
+13.400E+00,-97.06012E+00
+13.500E+00,-94.05146E+00
+13.600E+00,-85.17356E+00
+13.700E+00,-82.10222E+00
+13.800E+00,-77.26696E+00
+13.900E+00,-62.03788E+00
+14.000E+00,-33.65312E+00
+14.100E+00,-46.06382E+00
+14.200E+00,-76.06788E+00
+14.300E+00,-77.19442E+00
+14.400E+00,-84.00774E+00
+14.500E+00,-84.57406E+00
+14.600E+00,-89.95083E+00
+14.700E+00,-82.40524E+00
+14.800E+00,-74.85410E+00
+14.900E+00,-59.14702E+00
+15.000E+00,-33.92390E+00
+15.100E+00,-45.89706E+00
+15.200E+00,-86.58869E+00
+15.300E+00,-83.40346E+00
+15.400E+00,-81.31204E+00
+15.500E+00,-89.59678E+00
+15.600E+00,-80.50517E+00
+15.700E+00,-90.46524E+00
+15.800E+00,-71.07365E+00
+15.900E+00,-62.11217E+00
+16.000E+00,-34.03042E+00
+16.100E+00,-45.63747E+00
+16.200E+00,-77.22672E+00
+16.300E+00,-80.59475E+00
+16.400E+00,-74.75631E+00
+16.500E+00,-92.95692E+00
+16.600E+00,-81.69761E+00
+16.700E+00,-84.35764E+00
+16.800E+00,-76.50740E+00
+16.900E+00,-60.65213E+00
+17.000E+00,-34.69424E+00
+17.100E+00,-46.23732E+00
+17.200E+00,-75.12042E+00
+17.300E+00,-77.29510E+00
+17.400E+00,-88.17394E+00
+17.500E+00,-93.21124E+00
+17.600E+00,-78.90287E+00
+17.700E+00,-78.40592E+00
+17.800E+00,-76.57175E+00
+17.900E+00,-65.62281E+00
+18.000E+00,-35.28196E+00
+18.100E+00,-46.05754E+00
+18.200E+00,-75.70851E+00
+18.300E+00,-79.01835E+00
+18.400E+00,-86.09005E+00
+18.500E+00,-79.67296E+00
+18.600E+00,-81.66529E+00
+18.700E+00,-75.87797E+00
+18.800E+00,-80.15139E+00
+18.900E+00,-62.65266E+00
+19.000E+00,-35.80150E+00
+19.100E+00,-46.28097E+00
+19.200E+00,-80.26637E+00
+19.300E+00,-79.88242E+00
+19.400E+00,-81.79917E+00
+19.500E+00,-82.31323E+00
+19.600E+00,-93.78262E+00
+19.700E+00,-83.68223E+00
+19.800E+00,-75.85884E+00
+19.900E+00,-67.31622E+00
+20.000E+00,-36.74452E+00
+20.100E+00,-47.11349E+00
+20.200E+00,-76.95560E+00
+20.300E+00,-76.68583E+00
+20.400E+00,-87.14642E+00
+20.500E+00,-83.99001E+00
+20.600E+00,-81.72000E+00
+20.700E+00,-83.74479E+00
+20.800E+00,-79.26526E+00
+20.900E+00,-65.02422E+00
+21.000E+00,-37.24999E+00
+21.100E+00,-47.40981E+00
+21.200E+00,-85.41174E+00
+21.300E+00,-91.11141E+00
+21.400E+00,-82.28470E+00
+21.500E+00,-81.50318E+00
+21.600E+00,-96.70259E+00
+21.700E+00,-88.34948E+00
+21.800E+00,-77.07688E+00
+21.900E+00,-68.80489E+00
+22.000E+00,-37.87817E+00
+22.100E+00,-47.50910E+00
+22.200E+00,-86.36392E+00
+22.300E+00,-90.79996E+00
+22.400E+00,-104.93884E+00
+22.500E+00,-90.07030E+00
+22.600E+00,-88.96013E+00
+22.700E+00,-97.01123E+00
+22.800E+00,-86.36698E+00
+22.900E+00,-67.61920E+00
+23.000E+00,-38.96963E+00
+23.100E+00,-48.33333E+00
+23.200E+00,-83.13711E+00
+23.300E+00,-83.44890E+00
+23.400E+00,-78.62435E+00
+23.500E+00,-88.97831E+00
+23.600E+00,-91.22459E+00
+23.700E+00,-82.54169E+00
+23.800E+00,-89.18748E+00
+23.900E+00,-70.99663E+00
+24.000E+00,-40.05238E+00
+24.100E+00,-49.22535E+00
+24.200E+00,-81.00504E+00
+24.300E+00,-88.96675E+00
+24.400E+00,-76.73550E+00
+24.500E+00,-97.86601E+00
+24.600E+00,-92.87906E+00
+24.700E+00,-83.53396E+00
+24.800E+00,-80.26364E+00
+24.900E+00,-71.64349E+00
+25.000E+00,-40.70317E+00
+25.100E+00,-49.46086E+00
+25.200E+00,-85.24956E+00
+25.300E+00,-91.42360E+00
+25.400E+00,-89.30883E+00
+25.500E+00,-83.44603E+00
+25.600E+00,-82.99706E+00
+25.700E+00,-84.23364E+00
+25.800E+00,-75.83300E+00
+25.900E+00,-72.45859E+00
+26.000E+00,-41.62378E+00
+26.100E+00,-50.32380E+00
+26.200E+00,-82.06168E+00
+26.300E+00,-79.52617E+00
+26.400E+00,-79.67044E+00
+26.500E+00,-81.58700E+00
+26.600E+00,-85.80068E+00
+26.700E+00,-88.17218E+00
+26.800E+00,-84.11346E+00
+26.900E+00,-73.74737E+00
+27.000E+00,-42.62569E+00
+27.100E+00,-50.88449E+00
+27.200E+00,-78.80786E+00
+27.300E+00,-91.71297E+00
+27.400E+00,-87.21006E+00
+27.500E+00,-80.47581E+00
+27.600E+00,-81.62444E+00
+27.700E+00,-83.95815E+00
+27.800E+00,-80.26682E+00
+27.900E+00,-73.75298E+00
+28.000E+00,-43.10416E+00
+28.100E+00,-51.13685E+00
+28.200E+00,-89.70036E+00
+28.300E+00,-83.43685E+00
+28.400E+00,-82.92099E+00
+28.500E+00,-84.19726E+00
+28.600E+00,-85.81113E+00
+28.700E+00,-88.21931E+00
+28.800E+00,-93.07950E+00
+28.900E+00,-91.57017E+00
+29.000E+00,-44.07116E+00
+29.100E+00,-51.82725E+00
+29.200E+00,-80.02958E+00
+29.300E+00,-82.33883E+00
+29.400E+00,-83.03809E+00
+29.500E+00,-82.99778E+00
+29.600E+00,-84.26697E+00
+29.700E+00,-87.96678E+00
+29.800E+00,-82.52041E+00
+29.900E+00,-75.82735E+00
+30.000E+00,-44.51341E+00
+30.100E+00,-51.80048E+00
+30.200E+00,-76.72685E+00
+30.300E+00,-81.51966E+00
+30.400E+00,-81.84245E+00
+30.500E+00,-88.86235E+00
+30.600E+00,-85.14395E+00
+30.700E+00,-90.77789E+00
+30.800E+00,-81.49831E+00
+30.900E+00,-86.81653E+00
+31.000E+00,-44.92766E+00
+31.100E+00,-52.10608E+00
+31.200E+00,-85.06484E+00
+31.300E+00,-83.73759E+00
+31.400E+00,-88.14650E+00
+31.500E+00,-86.56608E+00
+31.600E+00,-87.68679E+00
+31.700E+00,-88.53302E+00
+31.800E+00,-82.28605E+00
+31.900E+00,-74.36001E+00
+32.000E+00,-45.76765E+00
+32.100E+00,-52.87841E+00
+32.200E+00,-82.66762E+00
+32.300E+00,-85.01854E+00
+32.400E+00,-82.43950E+00
+32.500E+00,-85.98856E+00
+32.600E+00,-84.60645E+00
+32.700E+00,-84.19306E+00
+32.800E+00,-79.72731E+00
+32.900E+00,-81.00978E+00
+33.000E+00,-46.28726E+00
+33.100E+00,-53.22428E+00
+33.200E+00,-79.41311E+00
+33.300E+00,-88.14757E+00
+33.400E+00,-80.15537E+00
+33.500E+00,-80.31727E+00
+33.600E+00,-87.59875E+00
+33.700E+00,-80.42752E+00
+33.800E+00,-88.17442E+00
+33.900E+00,-78.99244E+00
+34.000E+00,-46.15971E+00
+34.100E+00,-52.33888E+00
+34.200E+00,-77.14629E+00
+34.300E+00,-87.08809E+00
+34.400E+00,-85.65623E+00
+34.500E+00,-97.56904E+00
+34.600E+00,-86.64947E+00
+34.700E+00,-84.09996E+00
+34.800E+00,-89.26187E+00
+34.900E+00,-82.25085E+00
+35.000E+00,-46.18153E+00
+35.100E+00,-52.20504E+00
+35.200E+00,-89.63841E+00
+35.300E+00,-85.82876E+00
+35.400E+00,-107.67826E+00
+35.500E+00,-86.69686E+00
+35.600E+00,-81.06099E+00
+35.700E+00,-86.73389E+00
+35.800E+00,-87.13603E+00
+35.900E+00,-77.35729E+00
+36.000E+00,-46.55948E+00
+36.100E+00,-52.28444E+00
+36.200E+00,-93.79309E+00
+36.300E+00,-101.03666E+00
+36.400E+00,-89.08911E+00
+36.500E+00,-85.70014E+00
+36.600E+00,-86.44562E+00
+36.700E+00,-82.15818E+00
+36.800E+00,-85.51171E+00
+36.900E+00,-80.10176E+00
+37.000E+00,-46.96055E+00
+37.100E+00,-52.21989E+00
+37.200E+00,-82.56502E+00
+37.300E+00,-91.31172E+00
+37.400E+00,-88.06593E+00
+37.500E+00,-89.74019E+00
+37.600E+00,-80.61218E+00
+37.700E+00,-90.87547E+00
+37.800E+00,-91.29395E+00
+37.900E+00,-76.55713E+00
+38.000E+00,-47.60647E+00
+38.100E+00,-52.72518E+00
+38.200E+00,-80.12699E+00
+38.300E+00,-95.53942E+00
+38.400E+00,-81.08354E+00
+38.500E+00,-83.50535E+00
+38.600E+00,-80.46754E+00
+38.700E+00,-85.20742E+00
+38.800E+00,-89.67858E+00
+38.900E+00,-80.43748E+00
+39.000E+00,-47.76723E+00
+39.100E+00,-52.45096E+00
+39.200E+00,-85.57407E+00
+39.300E+00,-93.77970E+00
+39.400E+00,-81.67269E+00
+39.500E+00,-79.85550E+00
+39.600E+00,-83.00529E+00
+39.700E+00,-89.45755E+00
+39.800E+00,-80.28812E+00
+39.900E+00,-81.97061E+00
+40.000E+00,-48.16319E+00
+40.100E+00,-53.13439E+00
+40.200E+00,-79.59423E+00
+40.300E+00,-91.49607E+00
+40.400E+00,-83.78509E+00
+40.500E+00,-78.28885E+00
+40.600E+00,-78.73944E+00
+40.700E+00,-86.93318E+00
+40.800E+00,-83.21494E+00
+40.900E+00,-82.48646E+00
+41.000E+00,-48.58759E+00
+41.100E+00,-53.27481E+00
+41.200E+00,-79.83818E+00
+41.300E+00,-94.26074E+00
+41.400E+00,-89.60783E+00
+41.500E+00,-90.79169E+00
+41.600E+00,-90.83231E+00
+41.700E+00,-90.21280E+00
+41.800E+00,-88.80697E+00
+41.900E+00,-83.31204E+00
+42.000E+00,-49.06924E+00
+42.100E+00,-53.22958E+00
+42.200E+00,-76.61922E+00
+42.300E+00,-81.80470E+00
+42.400E+00,-89.50715E+00
+42.500E+00,-81.33907E+00
+42.600E+00,-92.16661E+00
+42.700E+00,-88.66914E+00
+42.800E+00,-88.00635E+00
+42.900E+00,-79.94598E+00
+43.000E+00,-49.60258E+00
+43.100E+00,-53.38968E+00
+43.200E+00,-80.35224E+00
+43.300E+00,-84.18577E+00
+43.400E+00,-79.30803E+00
+43.500E+00,-83.92939E+00
+43.600E+00,-86.33986E+00
+43.700E+00,-90.22651E+00
+43.800E+00,-96.95241E+00
+43.900E+00,-92.23428E+00
+44.000E+00,-50.32203E+00
+44.100E+00,-54.17396E+00
+44.200E+00,-79.55217E+00
+44.300E+00,-80.59166E+00
+44.400E+00,-85.92024E+00
+44.500E+00,-92.30646E+00
+44.600E+00,-84.42428E+00
+44.700E+00,-91.57630E+00
+44.800E+00,-85.54371E+00
+44.900E+00,-78.34425E+00
+45.000E+00,-51.26382E+00
+45.100E+00,-54.79488E+00
+45.200E+00,-78.26276E+00
+45.300E+00,-92.14154E+00
+45.400E+00,-95.07578E+00
+45.500E+00,-85.37868E+00
+45.600E+00,-100.08152E+00
+45.700E+00,-90.05913E+00
+45.800E+00,-87.78145E+00
+45.900E+00,-82.11079E+00
+46.000E+00,-52.00917E+00
+46.100E+00,-54.67075E+00
+46.200E+00,-83.51840E+00
+46.300E+00,-90.57625E+00
+46.400E+00,-99.75436E+00
+46.500E+00,-88.54088E+00
+46.600E+00,-101.59346E+00
+46.700E+00,-78.95301E+00
+46.800E+00,-81.54207E+00
+46.900E+00,-81.19974E+00
+47.000E+00,-53.28050E+00
+47.100E+00,-55.85685E+00
+47.200E+00,-83.66074E+00
+47.300E+00,-78.05120E+00
+47.400E+00,-84.75444E+00
+47.500E+00,-96.28437E+00
+47.600E+00,-87.78795E+00
+47.700E+00,-83.38136E+00
+47.800E+00,-87.31569E+00
+47.900E+00,-85.53690E+00
+48.000E+00,-53.85482E+00
+48.100E+00,-56.41573E+00
+48.200E+00,-84.28820E+00
+48.300E+00,-81.74610E+00
+48.400E+00,-85.89436E+00
+48.500E+00,-91.44245E+00
+48.600E+00,-84.10972E+00
+48.700E+00,-83.94142E+00
+48.800E+00,-85.33120E+00
+48.900E+00,-79.52948E+00
+49.000E+00,-54.35469E+00
+49.100E+00,-57.00871E+00
+49.200E+00,-82.47680E+00
+49.300E+00,-94.97467E+00
+49.400E+00,-80.63029E+00
+49.500E+00,-87.56837E+00
+49.600E+00,-87.98795E+00
+49.700E+00,-86.19709E+00
+49.800E+00,-86.06038E+00
+49.900E+00,-80.86922E+00
+50.000E+00,-56.08687E+00
+50.100E+00,-57.84633E+00
+50.200E+00,-90.02384E+00
+50.300E+00,-82.09470E+00
+50.400E+00,-84.59575E+00
+50.500E+00,-85.68941E+00
+50.600E+00,-82.39447E+00
+50.700E+00,-83.75617E+00
+50.800E+00,-98.87147E+00
+50.900E+00,-81.26827E+00
+51.000E+00,-56.04409E+00
+51.100E+00,-58.56893E+00
+51.200E+00,-77.18136E+00
+51.300E+00,-87.84951E+00
+51.400E+00,-94.53542E+00
+51.500E+00,-89.24467E+00
+51.600E+00,-82.08315E+00
+51.700E+00,-90.19466E+00
+51.800E+00,-81.42762E+00
+51.900E+00,-80.84029E+00
+52.000E+00,-56.11571E+00
+52.100E+00,-58.10089E+00
+52.200E+00,-79.67571E+00
+52.300E+00,-88.79564E+00
+52.400E+00,-82.66310E+00
+52.500E+00,-83.82819E+00
+52.600E+00,-87.89399E+00
+52.700E+00,-89.14763E+00
+52.800E+00,-90.32906E+00
+52.900E+00,-87.82890E+00
+53.000E+00,-57.03926E+00
+53.100E+00,-58.66965E+00
+53.200E+00,-81.04574E+00
+53.300E+00,-90.54313E+00
+53.400E+00,-82.91260E+00
+53.500E+00,-89.96539E+00
+53.600E+00,-85.84266E+00
+53.700E+00,-84.58432E+00
+53.800E+00,-80.79434E+00
+53.900E+00,-89.11104E+00
+54.000E+00,-57.09054E+00
+54.100E+00,-58.35661E+00
+54.200E+00,-89.64595E+00
+54.300E+00,-87.12409E+00
+54.400E+00,-84.95105E+00
+54.500E+00,-96.57966E+00
+54.600E+00,-90.46617E+00
+54.700E+00,-95.80687E+00
+54.800E+00,-85.57851E+00
+54.900E+00,-86.62079E+00
+55.000E+00,-56.66058E+00
+55.100E+00,-57.22946E+00
+55.200E+00,-79.35119E+00
+55.300E+00,-81.03176E+00
+55.400E+00,-87.00129E+00
+55.500E+00,-99.92593E+00
+55.600E+00,-86.83137E+00
+55.700E+00,-87.69071E+00
+55.800E+00,-86.96022E+00
+55.900E+00,-76.90866E+00
+56.000E+00,-57.50984E+00
+56.100E+00,-57.68597E+00
+56.200E+00,-91.58459E+00
+56.300E+00,-85.24355E+00
+56.400E+00,-84.59075E+00
+56.500E+00,-82.10128E+00
+56.600E+00,-82.10237E+00
+56.700E+00,-94.36531E+00
+56.800E+00,-84.18697E+00
+56.900E+00,-82.71366E+00
+57.000E+00,-58.04199E+00
+57.100E+00,-58.15376E+00
+57.200E+00,-85.94511E+00
+57.300E+00,-89.34512E+00
+57.400E+00,-86.81678E+00
+57.500E+00,-94.60948E+00
+57.600E+00,-105.27804E+00
+57.700E+00,-96.98670E+00
+57.800E+00,-85.04633E+00
+57.900E+00,-83.19473E+00
+58.000E+00,-58.07250E+00
+58.100E+00,-58.16866E+00
+58.200E+00,-87.98372E+00
+58.300E+00,-85.27401E+00
+58.400E+00,-83.84279E+00
+58.500E+00,-99.53503E+00
+58.600E+00,-88.41170E+00
+58.700E+00,-90.22401E+00
+58.800E+00,-93.98890E+00
+58.900E+00,-90.86251E+00
+59.000E+00,-58.57503E+00
+59.100E+00,-58.73153E+00
+59.200E+00,-82.74474E+00
+59.300E+00,-82.54473E+00
+59.400E+00,-80.39330E+00
+59.500E+00,-100.54345E+00
+59.600E+00,-85.60244E+00
+59.700E+00,-96.21983E+00
+59.800E+00,-86.76654E+00
+59.900E+00,-82.28780E+00
+60.000E+00,-59.19491E+00
+60.100E+00,-58.77480E+00
+60.200E+00,-75.94362E+00
+60.300E+00,-79.86899E+00
+60.400E+00,-86.49701E+00
+60.500E+00,-85.01666E+00
+60.600E+00,-81.64023E+00
+60.700E+00,-95.13776E+00
+60.800E+00,-84.96290E+00
+60.900E+00,-92.61255E+00
+61.000E+00,-58.55128E+00
+61.100E+00,-58.12140E+00
+61.200E+00,-82.14089E+00
+61.300E+00,-87.35997E+00
+61.400E+00,-92.69092E+00
+61.500E+00,-85.92587E+00
+61.600E+00,-87.96086E+00
+61.700E+00,-83.79514E+00
+61.800E+00,-85.43162E+00
+61.900E+00,-82.30867E+00
+62.000E+00,-59.87384E+00
+62.100E+00,-57.92883E+00
+62.200E+00,-85.95158E+00
+62.300E+00,-84.24693E+00
+62.400E+00,-90.88528E+00
+62.500E+00,-93.42017E+00
+62.600E+00,-96.05946E+00
+62.700E+00,-98.81309E+00
+62.800E+00,-84.71582E+00
+62.900E+00,-81.60103E+00
+63.000E+00,-59.51172E+00
+63.100E+00,-58.20311E+00
+63.200E+00,-85.73957E+00
+63.300E+00,-89.36135E+00
+63.400E+00,-90.33182E+00
+63.500E+00,-83.21305E+00
+63.600E+00,-86.39439E+00
+63.700E+00,-85.74769E+00
+63.800E+00,-89.08443E+00
+63.900E+00,-84.26896E+00
+64.000E+00,-60.61662E+00
+64.100E+00,-58.40839E+00
+64.200E+00,-87.85277E+00
+64.300E+00,-84.84630E+00
+64.400E+00,-98.17439E+00
+64.500E+00,-81.85804E+00
+64.600E+00,-82.57682E+00
+64.700E+00,-80.81904E+00
+64.800E+00,-81.87210E+00
+64.900E+00,-88.67259E+00
+65.000E+00,-60.68038E+00
+65.100E+00,-59.02380E+00
+65.200E+00,-97.08320E+00
+65.300E+00,-84.02141E+00
+65.400E+00,-91.78606E+00
+65.500E+00,-81.34246E+00
+65.600E+00,-103.31980E+00
+65.700E+00,-85.19048E+00
+65.800E+00,-82.65092E+00
+65.900E+00,-83.09993E+00
+66.000E+00,-60.95226E+00
+66.100E+00,-59.15974E+00
+66.200E+00,-85.72371E+00
+66.300E+00,-86.33676E+00
+66.400E+00,-81.63567E+00
+66.500E+00,-94.47335E+00
+66.600E+00,-90.95783E+00
+66.700E+00,-84.56122E+00
+66.800E+00,-79.37441E+00
+66.900E+00,-74.04419E+00
+67.000E+00,-61.58869E+00
+67.100E+00,-58.80263E+00
+67.200E+00,-90.02839E+00
+67.300E+00,-83.87680E+00
+67.400E+00,-90.26911E+00
+67.500E+00,-87.84841E+00
+67.600E+00,-84.84519E+00
+67.700E+00,-84.99403E+00
+67.800E+00,-84.95765E+00
+67.900E+00,-76.69654E+00
+68.000E+00,-62.70603E+00
+68.100E+00,-60.40891E+00
+68.200E+00,-92.12313E+00
+68.300E+00,-86.25084E+00
+68.400E+00,-83.91350E+00
+68.500E+00,-81.38998E+00
+68.600E+00,-86.30534E+00
+68.700E+00,-88.93632E+00
+68.800E+00,-84.82997E+00
+68.900E+00,-77.52147E+00
+69.000E+00,-63.89989E+00
+69.100E+00,-62.15114E+00
+69.200E+00,-82.71442E+00
+69.300E+00,-82.80079E+00
+69.400E+00,-78.01878E+00
+69.500E+00,-79.61402E+00
+69.600E+00,-89.36342E+00
+69.700E+00,-84.42382E+00
+69.800E+00,-87.51234E+00
+69.900E+00,-80.34003E+00
+70.000E+00,-65.91911E+00
+70.100E+00,-62.79932E+00
+70.200E+00,-80.07620E+00
+70.300E+00,-84.13818E+00
+70.400E+00,-83.52075E+00
+70.500E+00,-84.71113E+00
+70.600E+00,-85.77943E+00
+70.700E+00,-90.52939E+00
+70.800E+00,-83.00790E+00
+70.900E+00,-78.84949E+00
+71.000E+00,-67.74796E+00
+71.100E+00,-62.93638E+00
+71.200E+00,-82.40632E+00
+71.300E+00,-83.79467E+00
+71.400E+00,-89.09219E+00
+71.500E+00,-87.29831E+00
+71.600E+00,-94.74569E+00
+71.700E+00,-89.64489E+00
+71.800E+00,-81.81579E+00
+71.900E+00,-83.47953E+00
+72.000E+00,-66.48748E+00
+72.100E+00,-63.41453E+00
+72.200E+00,-86.91947E+00
+72.300E+00,-97.35254E+00
+72.400E+00,-83.73111E+00
+72.500E+00,-85.69175E+00
+72.600E+00,-89.33168E+00
+72.700E+00,-79.19110E+00
+72.800E+00,-85.69226E+00
+72.900E+00,-82.33985E+00
+73.000E+00,-68.10454E+00
+73.100E+00,-65.36732E+00
+73.200E+00,-83.11673E+00
+73.300E+00,-99.63566E+00
+73.400E+00,-84.76551E+00
+73.500E+00,-99.30471E+00
+73.600E+00,-83.78576E+00
+73.700E+00,-90.10538E+00
+73.800E+00,-85.78917E+00
+73.900E+00,-80.89251E+00
+74.000E+00,-71.89267E+00
+74.100E+00,-67.25502E+00
+74.200E+00,-81.94384E+00
+74.300E+00,-94.29676E+00
+74.400E+00,-80.10882E+00
+74.500E+00,-80.74774E+00
+74.600E+00,-79.60815E+00
+74.700E+00,-82.48631E+00
+74.800E+00,-88.55091E+00
+74.900E+00,-82.42745E+00
+75.000E+00,-70.33911E+00
+75.100E+00,-65.90772E+00
+75.200E+00,-87.03009E+00
+75.300E+00,-84.26236E+00
+75.400E+00,-81.03793E+00
+75.500E+00,-85.09323E+00
+75.600E+00,-93.10822E+00
+75.700E+00,-82.22731E+00
+75.800E+00,-82.27470E+00
+75.900E+00,-80.28050E+00
+76.000E+00,-68.94803E+00
+76.100E+00,-66.40577E+00
+76.200E+00,-85.16275E+00
+76.300E+00,-96.59133E+00
+76.400E+00,-103.36212E+00
+76.500E+00,-86.82420E+00
+76.600E+00,-92.21323E+00
+76.700E+00,-79.71255E+00
+76.800E+00,-84.29459E+00
+76.900E+00,-87.51873E+00
+77.000E+00,-76.82715E+00
+77.100E+00,-69.90900E+00
+77.200E+00,-81.81740E+00
+77.300E+00,-91.27400E+00
+77.400E+00,-81.81983E+00
+77.500E+00,-87.33642E+00
+77.600E+00,-86.13272E+00
+77.700E+00,-81.25157E+00
+77.800E+00,-81.66751E+00
+77.900E+00,-85.23543E+00
+78.000E+00,-72.16588E+00
+78.100E+00,-69.23114E+00
+78.200E+00,-89.32607E+00
+78.300E+00,-79.80988E+00
+78.400E+00,-82.07458E+00
+78.500E+00,-85.03407E+00
+78.600E+00,-89.85489E+00
+78.700E+00,-89.35219E+00
+78.800E+00,-87.59669E+00
+78.900E+00,-87.35487E+00
+79.000E+00,-74.64003E+00
+79.100E+00,-67.81677E+00
+79.200E+00,-78.85351E+00
+79.300E+00,-97.80907E+00
+79.400E+00,-87.12619E+00
+79.500E+00,-76.71947E+00
+79.600E+00,-78.42776E+00
+79.700E+00,-84.49811E+00
+79.800E+00,-81.02731E+00
+79.900E+00,-91.63813E+00
+80.000E+00,-77.58896E+00
+80.100E+00,-69.96560E+00
+80.200E+00,-83.56990E+00
+80.300E+00,-84.44880E+00
+80.400E+00,-80.34508E+00
+80.500E+00,-79.58010E+00
+80.600E+00,-84.77865E+00
+80.700E+00,-84.22201E+00
+80.800E+00,-82.12380E+00
+80.900E+00,-89.55286E+00
+81.000E+00,-78.08175E+00
+81.100E+00,-68.95909E+00
+81.200E+00,-84.10082E+00
+81.300E+00,-83.90902E+00
+81.400E+00,-82.46477E+00
+81.500E+00,-85.79878E+00
+81.600E+00,-78.93814E+00
+81.700E+00,-92.96075E+00
+81.800E+00,-84.72363E+00
+81.900E+00,-83.45364E+00
+82.000E+00,-74.77644E+00
+82.100E+00,-68.05491E+00
+82.200E+00,-78.17196E+00
+82.300E+00,-85.66198E+00
+82.400E+00,-81.30195E+00
+82.500E+00,-84.69481E+00
+82.600E+00,-85.00568E+00
+82.700E+00,-80.70078E+00
+82.800E+00,-82.49423E+00
+82.900E+00,-75.88880E+00
+83.000E+00,-75.15705E+00
+83.100E+00,-68.37926E+00
+83.200E+00,-77.55358E+00
+83.300E+00,-78.79325E+00
+83.400E+00,-82.62883E+00
+83.500E+00,-81.96140E+00
+83.600E+00,-86.75610E+00
+83.700E+00,-89.96403E+00
+83.800E+00,-84.06767E+00
+83.900E+00,-80.11744E+00
+84.000E+00,-72.31010E+00
+84.100E+00,-65.30215E+00
+84.200E+00,-79.91403E+00
+84.300E+00,-82.14900E+00
+84.400E+00,-83.04343E+00
+84.500E+00,-82.20353E+00
+84.600E+00,-79.82016E+00
+84.700E+00,-81.96260E+00
+84.800E+00,-80.50728E+00
+84.900E+00,-87.93108E+00
+85.000E+00,-68.58733E+00
+85.100E+00,-64.30364E+00
+85.200E+00,-85.79189E+00
+85.300E+00,-88.36226E+00
+85.400E+00,-90.35937E+00
+85.500E+00,-81.34600E+00
+85.600E+00,-80.95088E+00
+85.700E+00,-80.45704E+00
+85.800E+00,-85.41658E+00
+85.900E+00,-78.54431E+00
+86.000E+00,-70.08303E+00
+86.100E+00,-64.99719E+00
+86.200E+00,-87.06359E+00
+86.300E+00,-80.72745E+00
+86.400E+00,-85.60772E+00
+86.500E+00,-89.45714E+00
+86.600E+00,-87.83237E+00
+86.700E+00,-84.51767E+00
+86.800E+00,-80.42769E+00
+86.900E+00,-85.15385E+00
+87.000E+00,-79.06287E+00
+87.100E+00,-70.29815E+00
+87.200E+00,-83.89857E+00
+87.300E+00,-85.22652E+00
+87.400E+00,-81.52883E+00
+87.500E+00,-89.25942E+00
+87.600E+00,-83.23564E+00
+87.700E+00,-84.13939E+00
+87.800E+00,-87.18178E+00
+87.900E+00,-81.11567E+00
+88.000E+00,-79.60767E+00
+88.100E+00,-69.03704E+00
+88.200E+00,-89.24907E+00
+88.300E+00,-87.85520E+00
+88.400E+00,-95.99924E+00
+88.500E+00,-94.39944E+00
+88.600E+00,-89.06830E+00
+88.700E+00,-91.35792E+00
+88.800E+00,-86.58704E+00
+88.900E+00,-93.52496E+00
+89.000E+00,-72.75514E+00
+89.100E+00,-68.19487E+00
+89.200E+00,-80.40407E+00
+89.300E+00,-81.29859E+00
+89.400E+00,-93.20830E+00
+89.500E+00,-95.15517E+00
+89.600E+00,-82.17840E+00
+89.700E+00,-86.52143E+00
+89.800E+00,-94.89791E+00
+89.900E+00,-101.55696E+00
+90.000E+00,-80.66354E+00
+90.100E+00,-69.09865E+00
+90.200E+00,-84.02305E+00
+90.300E+00,-85.37306E+00
+90.400E+00,-88.74651E+00
+90.500E+00,-85.91038E+00
+90.600E+00,-92.64036E+00
+90.700E+00,-86.97824E+00
+90.800E+00,-97.85618E+00
+90.900E+00,-80.27693E+00
+91.000E+00,-80.58572E+00
+91.100E+00,-68.30809E+00
+91.200E+00,-78.00640E+00
+91.300E+00,-83.89071E+00
+91.400E+00,-84.23281E+00
+91.500E+00,-78.43282E+00
+91.600E+00,-89.22680E+00
+91.700E+00,-100.34487E+00
+91.800E+00,-88.10156E+00
+91.900E+00,-84.58757E+00
+92.000E+00,-77.37943E+00
+92.100E+00,-65.45262E+00
+92.200E+00,-80.50657E+00
+92.300E+00,-85.84903E+00
+92.400E+00,-92.53118E+00
+92.500E+00,-95.49001E+00
+92.600E+00,-86.85179E+00
+92.700E+00,-81.99302E+00
+92.800E+00,-100.14191E+00
+92.900E+00,-89.37800E+00
+93.000E+00,-76.35625E+00
+93.100E+00,-67.03903E+00
+93.200E+00,-81.02438E+00
+93.300E+00,-87.31656E+00
+93.400E+00,-85.05579E+00
+93.500E+00,-89.73049E+00
+93.600E+00,-86.31085E+00
+93.700E+00,-91.37691E+00
+93.800E+00,-85.73996E+00
+93.900E+00,-83.39190E+00
+94.000E+00,-75.15859E+00
+94.100E+00,-71.06336E+00
+94.200E+00,-83.13097E+00
+94.300E+00,-94.08709E+00
+94.400E+00,-84.07073E+00
+94.500E+00,-80.94682E+00
+94.600E+00,-83.45588E+00
+94.700E+00,-85.84582E+00
+94.800E+00,-79.10344E+00
+94.900E+00,-82.77525E+00
+95.000E+00,-78.67759E+00
+95.100E+00,-68.89227E+00
+95.200E+00,-79.71206E+00
+95.300E+00,-88.98635E+00
+95.400E+00,-79.17098E+00
+95.500E+00,-84.49324E+00
+95.600E+00,-85.43879E+00
+95.700E+00,-91.34722E+00
+95.800E+00,-80.21534E+00
+95.900E+00,-85.62997E+00
+96.000E+00,-78.49678E+00
+96.100E+00,-66.28678E+00
+96.200E+00,-88.08025E+00
+96.300E+00,-80.70451E+00
+96.400E+00,-81.97107E+00
+96.500E+00,-85.68023E+00
+96.600E+00,-85.99647E+00
+96.700E+00,-104.15297E+00
+96.800E+00,-89.83280E+00
+96.900E+00,-89.15560E+00
+97.000E+00,-74.48017E+00
+97.100E+00,-66.24219E+00
+97.200E+00,-88.30661E+00
+97.300E+00,-81.41416E+00
+97.400E+00,-81.95657E+00
+97.500E+00,-82.77644E+00
+97.600E+00,-83.45971E+00
+97.700E+00,-82.54260E+00
+97.800E+00,-80.76828E+00
+97.900E+00,-81.93058E+00
+98.000E+00,-77.55730E+00
+98.100E+00,-68.01753E+00
+98.200E+00,-83.36931E+00
+98.300E+00,-85.97201E+00
+98.400E+00,-80.33114E+00
+98.500E+00,-89.00681E+00
+98.600E+00,-94.69126E+00
+98.700E+00,-92.39394E+00
+98.800E+00,-86.09460E+00
+98.900E+00,-94.24329E+00
+99.000E+00,-79.06126E+00
+99.100E+00,-69.91596E+00
+99.200E+00,-91.73227E+00
+99.300E+00,-101.69089E+00
+99.400E+00,-109.72547E+00
+99.500E+00,-88.81397E+00
+99.600E+00,-82.94639E+00
+99.700E+00,-85.29155E+00
+99.800E+00,-94.11201E+00
+99.900E+00,-85.24045E+00
+100.000E+00,-75.61548E+00
+100.100E+00,-67.66554E+00
+100.200E+00,-90.96399E+00
+100.300E+00,-91.53654E+00
+100.400E+00,-80.07770E+00
+100.500E+00,-86.04660E+00
+100.600E+00,-86.25941E+00
+100.700E+00,-85.46506E+00
+100.800E+00,-79.55382E+00
+100.900E+00,-81.16914E+00
+101.000E+00,-73.81767E+00
+101.100E+00,-64.77093E+00
+101.200E+00,-81.34054E+00
+101.300E+00,-78.55683E+00
+101.400E+00,-94.14760E+00
+101.500E+00,-90.37658E+00
+101.600E+00,-81.26496E+00
+101.700E+00,-95.84833E+00
+101.800E+00,-90.65309E+00
+101.900E+00,-84.25074E+00
+102.000E+00,-81.70561E+00
+102.100E+00,-66.63425E+00
+102.200E+00,-85.89775E+00
+102.300E+00,-82.43638E+00
+102.400E+00,-77.47792E+00
+102.500E+00,-82.41062E+00
+102.600E+00,-91.75421E+00
+102.700E+00,-96.85894E+00
+102.800E+00,-104.85662E+00
+102.900E+00,-88.57431E+00
+103.000E+00,-92.49525E+00
+103.100E+00,-68.65532E+00
+103.200E+00,-83.70600E+00
+103.300E+00,-82.02979E+00
+103.400E+00,-84.81364E+00
+103.500E+00,-89.33013E+00
+103.600E+00,-92.29871E+00
+103.700E+00,-83.93263E+00
+103.800E+00,-77.92213E+00
+103.900E+00,-86.67219E+00
+104.000E+00,-85.22227E+00
+104.100E+00,-68.53168E+00
+104.200E+00,-85.74083E+00
+104.300E+00,-79.18027E+00
+104.400E+00,-88.37574E+00
+104.500E+00,-87.36799E+00
+104.600E+00,-78.18799E+00
+104.700E+00,-86.79202E+00
+104.800E+00,-93.86890E+00
+104.900E+00,-85.67353E+00
+105.000E+00,-80.72999E+00
+105.100E+00,-69.75665E+00
+105.200E+00,-88.59357E+00
+105.300E+00,-86.46987E+00
+105.400E+00,-83.90467E+00
+105.500E+00,-90.64668E+00
+105.600E+00,-83.21455E+00
+105.700E+00,-86.19520E+00
+105.800E+00,-90.56776E+00
+105.900E+00,-87.17283E+00
+106.000E+00,-92.61656E+00
+106.100E+00,-70.41613E+00
+106.200E+00,-76.55927E+00
+106.300E+00,-81.22556E+00
+106.400E+00,-86.96903E+00
+106.500E+00,-85.40013E+00
+106.600E+00,-79.94677E+00
+106.700E+00,-80.21169E+00
+106.800E+00,-85.86227E+00
+106.900E+00,-93.61829E+00
+107.000E+00,-86.15485E+00
+107.100E+00,-67.78359E+00
+107.200E+00,-84.92183E+00
+107.300E+00,-94.82057E+00
+107.400E+00,-92.49898E+00
+107.500E+00,-86.69173E+00
+107.600E+00,-96.25664E+00
+107.700E+00,-84.24498E+00
+107.800E+00,-86.59550E+00
+107.900E+00,-88.67189E+00
+108.000E+00,-81.71083E+00
+108.100E+00,-68.27714E+00
+108.200E+00,-86.69118E+00
+108.300E+00,-92.37925E+00
+108.400E+00,-95.23399E+00
+108.500E+00,-80.36527E+00
+108.600E+00,-84.12037E+00
+108.700E+00,-82.16158E+00
+108.800E+00,-84.58134E+00
+108.900E+00,-81.07364E+00
+109.000E+00,-79.79937E+00
+109.100E+00,-73.98887E+00
+109.200E+00,-76.91538E+00
+109.300E+00,-98.32911E+00
+109.400E+00,-96.07002E+00
+109.500E+00,-87.24905E+00
+109.600E+00,-88.96268E+00
+109.700E+00,-79.92823E+00
+109.800E+00,-80.51437E+00
+109.900E+00,-98.78632E+00
+110.000E+00,-78.99384E+00
+110.100E+00,-74.25327E+00
+110.200E+00,-92.22210E+00
+110.300E+00,-79.05339E+00
+110.400E+00,-86.79198E+00
+110.500E+00,-82.53370E+00
+110.600E+00,-81.43801E+00
+110.700E+00,-91.47216E+00
+110.800E+00,-89.98325E+00
+110.900E+00,-80.03538E+00
+111.000E+00,-81.19928E+00
+111.100E+00,-74.12107E+00
+111.200E+00,-99.15162E+00
+111.300E+00,-90.01071E+00
+111.400E+00,-84.94847E+00
+111.500E+00,-76.56278E+00
+111.600E+00,-84.90950E+00
+111.700E+00,-77.95980E+00
+111.800E+00,-84.11769E+00
+111.900E+00,-82.16150E+00
+112.000E+00,-89.06618E+00
+112.100E+00,-77.12020E+00
+112.200E+00,-89.32526E+00
+112.300E+00,-93.59242E+00
+112.400E+00,-84.07657E+00
+112.500E+00,-83.78198E+00
+112.600E+00,-82.54372E+00
+112.700E+00,-83.51475E+00
+112.800E+00,-98.56124E+00
+112.900E+00,-84.85416E+00
+113.000E+00,-90.14212E+00
+113.100E+00,-76.92699E+00
+113.200E+00,-80.79940E+00
+113.300E+00,-80.00184E+00
+113.400E+00,-91.28903E+00
+113.500E+00,-89.88916E+00
+113.600E+00,-87.56977E+00
+113.700E+00,-83.57773E+00
+113.800E+00,-86.87970E+00
+113.900E+00,-89.40471E+00
+114.000E+00,-97.54487E+00
+114.100E+00,-92.56448E+00
+114.200E+00,-87.76894E+00
+114.300E+00,-83.54468E+00
+114.400E+00,-85.38561E+00
+114.500E+00,-91.11909E+00
+114.600E+00,-84.90599E+00
+114.700E+00,-79.86266E+00
+114.800E+00,-83.51989E+00
+114.900E+00,-86.63517E+00
+115.000E+00,-95.26280E+00
+115.100E+00,-77.40200E+00
+115.200E+00,-88.90325E+00
+115.300E+00,-86.19302E+00
+115.400E+00,-96.70009E+00
+115.500E+00,-83.17652E+00
+115.600E+00,-84.79019E+00
+115.700E+00,-86.49947E+00
+115.800E+00,-90.73293E+00
+115.900E+00,-89.26041E+00
+116.000E+00,-92.22379E+00
+116.100E+00,-73.36178E+00
+116.200E+00,-81.03747E+00
+116.300E+00,-75.02408E+00
+116.400E+00,-78.64548E+00
+116.500E+00,-89.75946E+00
+116.600E+00,-91.52175E+00
+116.700E+00,-82.89873E+00
+116.800E+00,-83.44285E+00
+116.900E+00,-98.23856E+00
+117.000E+00,-87.04831E+00
+117.100E+00,-70.59149E+00
+117.200E+00,-89.68758E+00
+117.300E+00,-78.17244E+00
+117.400E+00,-77.56959E+00
+117.500E+00,-89.83938E+00
+117.600E+00,-95.30733E+00
+117.700E+00,-86.59266E+00
+117.800E+00,-83.73099E+00
+117.900E+00,-89.71221E+00
+118.000E+00,-81.53603E+00
+118.100E+00,-69.73324E+00
+118.200E+00,-82.24197E+00
+118.300E+00,-85.09126E+00
+118.400E+00,-79.01572E+00
+118.500E+00,-84.15194E+00
+118.600E+00,-90.89868E+00
+118.700E+00,-81.52182E+00
+118.800E+00,-89.30792E+00
+118.900E+00,-90.86391E+00
+119.000E+00,-82.94559E+00
+119.100E+00,-70.76615E+00
+119.200E+00,-82.56495E+00
+119.300E+00,-79.09924E+00
+119.400E+00,-79.01753E+00
+119.500E+00,-94.88482E+00
+119.600E+00,-85.01773E+00
+119.700E+00,-93.11563E+00
+119.800E+00,-86.28973E+00
+119.900E+00,-86.33491E+00
+120.000E+00,-84.40427E+00
+120.100E+00,-70.89911E+00
+120.200E+00,-86.30229E+00
+120.300E+00,-84.05740E+00
+120.400E+00,-86.81592E+00
+120.500E+00,-79.43438E+00
+120.600E+00,-77.71369E+00
+120.700E+00,-81.23089E+00
+120.800E+00,-89.62927E+00
+120.900E+00,-93.36541E+00
+121.000E+00,-83.68750E+00
+121.100E+00,-71.36280E+00
+121.200E+00,-80.30958E+00
+121.300E+00,-91.91357E+00
+121.400E+00,-88.38784E+00
+121.500E+00,-86.13673E+00
+121.600E+00,-85.95962E+00
+121.700E+00,-86.46169E+00
+121.800E+00,-82.70337E+00
+121.900E+00,-96.45812E+00
+122.000E+00,-76.99344E+00
+122.100E+00,-68.51429E+00
+122.200E+00,-79.83322E+00
+122.300E+00,-86.55229E+00
+122.400E+00,-87.68588E+00
+122.500E+00,-85.75786E+00
+122.600E+00,-87.31760E+00
+122.700E+00,-86.60820E+00
+122.800E+00,-92.14305E+00
+122.900E+00,-90.84691E+00
+123.000E+00,-90.32058E+00
+123.100E+00,-72.82012E+00
+123.200E+00,-85.59384E+00
+123.300E+00,-80.01090E+00
+123.400E+00,-101.91847E+00
+123.500E+00,-86.20739E+00
+123.600E+00,-98.74899E+00
+123.700E+00,-87.24139E+00
+123.800E+00,-85.26814E+00
+123.900E+00,-81.21041E+00
+124.000E+00,-84.66444E+00
+124.100E+00,-71.16869E+00
+124.200E+00,-80.60431E+00
+124.300E+00,-88.41216E+00
+124.400E+00,-87.93039E+00
+124.500E+00,-87.54783E+00
+124.600E+00,-91.08416E+00
+124.700E+00,-85.98239E+00
+124.800E+00,-78.12966E+00
+124.900E+00,-79.21870E+00
+125.000E+00,-82.20874E+00
+125.100E+00,-71.28596E+00
+125.200E+00,-89.61111E+00
+125.300E+00,-90.12578E+00
+125.400E+00,-86.93655E+00
+125.500E+00,-85.36651E+00
+125.600E+00,-88.47574E+00
+125.700E+00,-91.91547E+00
+125.800E+00,-84.61024E+00
+125.900E+00,-80.07614E+00
+126.000E+00,-89.49830E+00
+126.100E+00,-72.43199E+00
+126.200E+00,-78.32229E+00
+126.300E+00,-89.08119E+00
+126.400E+00,-83.35773E+00
+126.500E+00,-79.09789E+00
+126.600E+00,-96.71688E+00
+126.700E+00,-81.73172E+00
+126.800E+00,-81.25863E+00
+126.900E+00,-79.62648E+00
+127.000E+00,-82.18376E+00
+127.100E+00,-82.47480E+00
+127.200E+00,-82.50532E+00
+127.300E+00,-85.32896E+00
+127.400E+00,-82.94366E+00
+127.500E+00,-84.13999E+00
+127.600E+00,-84.48243E+00
+127.700E+00,-90.42857E+00
+127.800E+00,-81.98065E+00
+127.900E+00,-95.69914E+00
+128.000E+00,-89.58196E+00
+128.100E+00,-78.68410E+00
+128.200E+00,-85.58724E+00
+128.300E+00,-95.67920E+00
+128.400E+00,-89.95397E+00
+128.500E+00,-78.77578E+00
+128.600E+00,-89.59406E+00
+128.700E+00,-82.87902E+00
+128.800E+00,-94.84041E+00
+128.900E+00,-91.40814E+00
+129.000E+00,-82.13765E+00
+129.100E+00,-78.50647E+00
+129.200E+00,-82.15971E+00
+129.300E+00,-85.57814E+00
+129.400E+00,-83.03151E+00
+129.500E+00,-85.29852E+00
+129.600E+00,-96.21677E+00
+129.700E+00,-89.05039E+00
+129.800E+00,-85.29820E+00
+129.900E+00,-104.59617E+00
+130.000E+00,-83.63245E+00
+130.100E+00,-79.65454E+00
+130.200E+00,-82.67270E+00
+130.300E+00,-97.31459E+00
+130.400E+00,-84.76268E+00
+130.500E+00,-89.07048E+00
+130.600E+00,-94.20242E+00
+130.700E+00,-89.08230E+00
+130.800E+00,-77.80648E+00
+130.900E+00,-90.19069E+00
+131.000E+00,-81.80588E+00
+131.100E+00,-77.27404E+00
+131.200E+00,-85.69954E+00
+131.300E+00,-86.39227E+00
+131.400E+00,-81.24993E+00
+131.500E+00,-93.57377E+00
+131.600E+00,-86.67824E+00
+131.700E+00,-96.51832E+00
+131.800E+00,-96.23566E+00
+131.900E+00,-82.76650E+00
+132.000E+00,-85.89459E+00
+132.100E+00,-82.54896E+00
+132.200E+00,-99.92554E+00
+132.300E+00,-82.12901E+00
+132.400E+00,-86.07884E+00
+132.500E+00,-89.72794E+00
+132.600E+00,-84.65649E+00
+132.700E+00,-85.89351E+00
+132.800E+00,-90.05145E+00
+132.900E+00,-88.18017E+00
+133.000E+00,-84.99483E+00
+133.100E+00,-91.24776E+00
+133.200E+00,-87.35076E+00
+133.300E+00,-87.37377E+00
+133.400E+00,-89.76621E+00
+133.500E+00,-92.69063E+00
+133.600E+00,-86.29345E+00
+133.700E+00,-90.55941E+00
+133.800E+00,-98.40771E+00
+133.900E+00,-93.36281E+00
+134.000E+00,-80.53737E+00
+134.100E+00,-88.97505E+00
+134.200E+00,-89.67697E+00
+134.300E+00,-85.93165E+00
+134.400E+00,-85.33483E+00
+134.500E+00,-86.08257E+00
+134.600E+00,-80.90977E+00
+134.700E+00,-80.28093E+00
+134.800E+00,-91.74728E+00
+134.900E+00,-85.38304E+00
+135.000E+00,-79.94386E+00
+135.100E+00,-86.22760E+00
+135.200E+00,-89.66461E+00
+135.300E+00,-80.81119E+00
+135.400E+00,-95.77113E+00
+135.500E+00,-87.39608E+00
+135.600E+00,-82.30062E+00
+135.700E+00,-84.03664E+00
+135.800E+00,-84.58659E+00
+135.900E+00,-80.56681E+00
+136.000E+00,-82.81563E+00
+136.100E+00,-84.30818E+00
+136.200E+00,-85.39222E+00
+136.300E+00,-83.52327E+00
+136.400E+00,-88.17216E+00
+136.500E+00,-84.00786E+00
+136.600E+00,-83.99100E+00
+136.700E+00,-83.77476E+00
+136.800E+00,-97.36237E+00
+136.900E+00,-94.43116E+00
+137.000E+00,-83.71591E+00
+137.100E+00,-82.78077E+00
+137.200E+00,-92.12178E+00
+137.300E+00,-90.22632E+00
+137.400E+00,-84.68751E+00
+137.500E+00,-81.04790E+00
+137.600E+00,-86.87474E+00
+137.700E+00,-91.10718E+00
+137.800E+00,-98.54231E+00
+137.900E+00,-80.00462E+00
+138.000E+00,-86.47005E+00
+138.100E+00,-95.22240E+00
+138.200E+00,-88.14173E+00
+138.300E+00,-98.79584E+00
+138.400E+00,-80.58897E+00
+138.500E+00,-77.84965E+00
+138.600E+00,-78.54819E+00
+138.700E+00,-86.16489E+00
+138.800E+00,-87.16541E+00
+138.900E+00,-78.58713E+00
+139.000E+00,-82.93673E+00
+139.100E+00,-80.51059E+00
+139.200E+00,-82.17466E+00
+139.300E+00,-88.15953E+00
+139.400E+00,-79.39909E+00
+139.500E+00,-83.30623E+00
+139.600E+00,-81.30416E+00
+139.700E+00,-105.24307E+00
+139.800E+00,-94.17911E+00
+139.900E+00,-80.07279E+00
+140.000E+00,-75.40339E+00
+140.100E+00,-79.28012E+00
+140.200E+00,-83.67783E+00
+140.300E+00,-83.42609E+00
+140.400E+00,-88.08914E+00
+140.500E+00,-86.59229E+00
+140.600E+00,-83.75295E+00
+140.700E+00,-82.26538E+00
+140.800E+00,-91.03481E+00
+140.900E+00,-96.02587E+00
+141.000E+00,-94.51059E+00
+141.100E+00,-77.51499E+00
+141.200E+00,-80.83548E+00
+141.300E+00,-90.33338E+00
+141.400E+00,-82.21728E+00
+141.500E+00,-84.99247E+00
+141.600E+00,-90.94159E+00
+141.700E+00,-83.00000E+00
+141.800E+00,-84.38290E+00
+141.900E+00,-87.21131E+00
+142.000E+00,-92.04976E+00
+142.100E+00,-76.93366E+00
+142.200E+00,-91.50978E+00
+142.300E+00,-82.96007E+00
+142.400E+00,-80.21633E+00
+142.500E+00,-83.29897E+00
+142.600E+00,-99.55665E+00
+142.700E+00,-89.16521E+00
+142.800E+00,-76.74859E+00
+142.900E+00,-87.11712E+00
+143.000E+00,-82.31716E+00
+143.100E+00,-81.47005E+00
+143.200E+00,-83.87230E+00
+143.300E+00,-87.23881E+00
+143.400E+00,-88.90127E+00
+143.500E+00,-84.34700E+00
+143.600E+00,-89.08592E+00
+143.700E+00,-85.69332E+00
+143.800E+00,-80.23748E+00
+143.900E+00,-91.09413E+00
+144.000E+00,-90.63260E+00
+144.100E+00,-76.74560E+00
+144.200E+00,-81.54653E+00
+144.300E+00,-86.03664E+00
+144.400E+00,-84.57838E+00
+144.500E+00,-81.34601E+00
+144.600E+00,-80.49034E+00
+144.700E+00,-81.81645E+00
+144.800E+00,-85.73706E+00
+144.900E+00,-77.33689E+00
+145.000E+00,-79.09804E+00
+145.100E+00,-76.47332E+00
+145.200E+00,-82.56823E+00
+145.300E+00,-82.59707E+00
+145.400E+00,-84.34270E+00
+145.500E+00,-90.05737E+00
+145.600E+00,-96.09121E+00
+145.700E+00,-84.35116E+00
+145.800E+00,-85.85287E+00
+145.900E+00,-86.11737E+00
+146.000E+00,-82.97753E+00
+146.100E+00,-80.19502E+00
+146.200E+00,-80.78553E+00
+146.300E+00,-82.62983E+00
+146.400E+00,-84.05484E+00
+146.500E+00,-82.75039E+00
+146.600E+00,-82.80612E+00
+146.700E+00,-81.16180E+00
+146.800E+00,-86.39746E+00
+146.900E+00,-85.68545E+00
+147.000E+00,-75.97690E+00
+147.100E+00,-89.68977E+00
+147.200E+00,-91.19330E+00
+147.300E+00,-86.28610E+00
+147.400E+00,-82.07184E+00
+147.500E+00,-83.28899E+00
+147.600E+00,-79.54335E+00
+147.700E+00,-86.71971E+00
+147.800E+00,-84.92195E+00
+147.900E+00,-86.01519E+00
+148.000E+00,-88.79443E+00
+148.100E+00,-79.72995E+00
+148.200E+00,-82.52696E+00
+148.300E+00,-83.21366E+00
+148.400E+00,-95.03157E+00
+148.500E+00,-88.35048E+00
+148.600E+00,-86.20138E+00
+148.700E+00,-82.38182E+00
+148.800E+00,-89.43761E+00
+148.900E+00,-83.66634E+00
+149.000E+00,-93.96397E+00
+149.100E+00,-73.01321E+00
+149.200E+00,-80.33000E+00
+149.300E+00,-83.88017E+00
+149.400E+00,-101.86424E+00
+149.500E+00,-86.74544E+00
+149.600E+00,-87.53800E+00
+149.700E+00,-81.22387E+00
+149.800E+00,-79.55919E+00
+149.900E+00,-113.93036E+00
+150.000E+00,-87.58335E+00
+150.100E+00,-78.85319E+00
+150.200E+00,-79.23726E+00
+150.300E+00,-79.47893E+00
+150.400E+00,-90.62606E+00
+150.500E+00,-97.02862E+00
+150.600E+00,-80.97704E+00
+150.700E+00,-82.30349E+00
+150.800E+00,-90.59476E+00
+150.900E+00,-85.71532E+00
+151.000E+00,-85.31505E+00
+151.100E+00,-85.09500E+00
+151.200E+00,-86.20187E+00
+151.300E+00,-84.80378E+00
+151.400E+00,-84.11664E+00
+151.500E+00,-91.14211E+00
+151.600E+00,-81.51424E+00
+151.700E+00,-93.53855E+00
+151.800E+00,-82.25245E+00
+151.900E+00,-87.73010E+00
+152.000E+00,-85.69807E+00
+152.100E+00,-78.65792E+00
+152.200E+00,-81.48629E+00
+152.300E+00,-89.45780E+00
+152.400E+00,-85.34546E+00
+152.500E+00,-88.47685E+00
+152.600E+00,-86.81121E+00
+152.700E+00,-86.71249E+00
+152.800E+00,-89.66537E+00
+152.900E+00,-81.01201E+00
+153.000E+00,-83.28668E+00
+153.100E+00,-78.01960E+00
+153.200E+00,-78.74066E+00
+153.300E+00,-84.18561E+00
+153.400E+00,-87.97928E+00
+153.500E+00,-90.73322E+00
+153.600E+00,-87.44382E+00
+153.700E+00,-80.87850E+00
+153.800E+00,-88.10697E+00
+153.900E+00,-86.51973E+00
+154.000E+00,-79.86093E+00
+154.100E+00,-72.70732E+00
+154.200E+00,-77.28969E+00
+154.300E+00,-89.31609E+00
+154.400E+00,-87.19197E+00
+154.500E+00,-84.36503E+00
+154.600E+00,-77.94957E+00
+154.700E+00,-84.92801E+00
+154.800E+00,-95.29776E+00
+154.900E+00,-93.23255E+00
+155.000E+00,-82.16239E+00
+155.100E+00,-74.13720E+00
+155.200E+00,-81.29738E+00
+155.300E+00,-76.26173E+00
+155.400E+00,-77.69904E+00
+155.500E+00,-84.53655E+00
+155.600E+00,-111.14489E+00
+155.700E+00,-86.14165E+00
+155.800E+00,-87.04262E+00
+155.900E+00,-82.19588E+00
+156.000E+00,-88.23749E+00
+156.100E+00,-84.12311E+00
+156.200E+00,-84.74414E+00
+156.300E+00,-84.54655E+00
+156.400E+00,-82.98167E+00
+156.500E+00,-96.55909E+00
+156.600E+00,-107.98286E+00
+156.700E+00,-91.44717E+00
+156.800E+00,-99.28059E+00
+156.900E+00,-85.62790E+00
+157.000E+00,-88.40954E+00
+157.100E+00,-75.04264E+00
+157.200E+00,-75.33474E+00
+157.300E+00,-81.28920E+00
+157.400E+00,-85.14132E+00
+157.500E+00,-90.52401E+00
+157.600E+00,-82.79971E+00
+157.700E+00,-83.59803E+00
+157.800E+00,-82.26010E+00
+157.900E+00,-84.98311E+00
+158.000E+00,-92.22825E+00
+158.100E+00,-77.70164E+00
+158.200E+00,-75.74878E+00
+158.300E+00,-83.28763E+00
+158.400E+00,-81.77074E+00
+158.500E+00,-80.19422E+00
+158.600E+00,-85.07188E+00
+158.700E+00,-94.30352E+00
+158.800E+00,-91.37616E+00
+158.900E+00,-89.22896E+00
+159.000E+00,-85.49238E+00
+159.100E+00,-83.50017E+00
+159.200E+00,-90.25436E+00
+159.300E+00,-89.45989E+00
+159.400E+00,-79.69679E+00
+159.500E+00,-79.20495E+00
+159.600E+00,-84.63627E+00
+159.700E+00,-82.72208E+00
+159.800E+00,-85.29367E+00
+159.900E+00,-82.16910E+00
+160.000E+00,-87.89298E+00
+160.100E+00,-78.97778E+00
+160.200E+00,-89.52542E+00
+160.300E+00,-86.12343E+00
+160.400E+00,-88.09320E+00
+160.500E+00,-81.12903E+00
+160.600E+00,-84.09535E+00
+160.700E+00,-90.13818E+00
+160.800E+00,-83.10871E+00
+160.900E+00,-82.44621E+00
+161.000E+00,-92.63279E+00
+161.100E+00,-85.62013E+00
+161.200E+00,-84.49352E+00
+161.300E+00,-80.67668E+00
+161.400E+00,-89.45899E+00
+161.500E+00,-85.83621E+00
+161.600E+00,-86.46941E+00
+161.700E+00,-79.52419E+00
+161.800E+00,-99.48649E+00
+161.900E+00,-85.54956E+00
+162.000E+00,-80.52569E+00
+162.100E+00,-78.96650E+00
+162.200E+00,-83.12250E+00
+162.300E+00,-99.77992E+00
+162.400E+00,-81.67099E+00
+162.500E+00,-82.79038E+00
+162.600E+00,-89.32452E+00
+162.700E+00,-85.47852E+00
+162.800E+00,-83.69303E+00
+162.900E+00,-79.65288E+00
+163.000E+00,-85.99611E+00
+163.100E+00,-84.14407E+00
+163.200E+00,-81.87722E+00
+163.300E+00,-85.23054E+00
+163.400E+00,-89.09907E+00
+163.500E+00,-86.62681E+00
+163.600E+00,-86.16986E+00
+163.700E+00,-82.97390E+00
+163.800E+00,-80.25229E+00
+163.900E+00,-82.08365E+00
+164.000E+00,-82.71058E+00
+164.100E+00,-80.58820E+00
+164.200E+00,-79.76076E+00
+164.300E+00,-80.33512E+00
+164.400E+00,-97.96222E+00
+164.500E+00,-98.95803E+00
+164.600E+00,-93.40534E+00
+164.700E+00,-82.14117E+00
+164.800E+00,-86.70032E+00
+164.900E+00,-82.18067E+00
+165.000E+00,-79.57151E+00
+165.100E+00,-77.27188E+00
+165.200E+00,-76.86507E+00
+165.300E+00,-83.36347E+00
+165.400E+00,-78.10258E+00
+165.500E+00,-81.31991E+00
+165.600E+00,-105.77552E+00
+165.700E+00,-87.77333E+00
+165.800E+00,-83.22006E+00
+165.900E+00,-79.85452E+00
+166.000E+00,-86.81730E+00
+166.100E+00,-79.59009E+00
+166.200E+00,-77.65156E+00
+166.300E+00,-91.41728E+00
+166.400E+00,-91.16359E+00
+166.500E+00,-80.55634E+00
+166.600E+00,-88.98558E+00
+166.700E+00,-91.07293E+00
+166.800E+00,-83.07739E+00
+166.900E+00,-101.59046E+00
+167.000E+00,-83.92590E+00
+167.100E+00,-85.62274E+00
+167.200E+00,-94.67916E+00
+167.300E+00,-81.83339E+00
+167.400E+00,-87.21577E+00
+167.500E+00,-86.54272E+00
+167.600E+00,-83.83672E+00
+167.700E+00,-86.81717E+00
+167.800E+00,-90.92613E+00
+167.900E+00,-84.64790E+00
+168.000E+00,-84.64734E+00
+168.100E+00,-79.69736E+00
+168.200E+00,-80.34627E+00
+168.300E+00,-79.29681E+00
+168.400E+00,-96.68059E+00
+168.500E+00,-83.48010E+00
+168.600E+00,-87.67715E+00
+168.700E+00,-87.16021E+00
+168.800E+00,-80.85269E+00
+168.900E+00,-85.30839E+00
+169.000E+00,-97.75513E+00
+169.100E+00,-76.95397E+00
+169.200E+00,-86.41764E+00
+169.300E+00,-89.32630E+00
+169.400E+00,-85.65971E+00
+169.500E+00,-87.26329E+00
+169.600E+00,-113.29443E+00
+169.700E+00,-82.18072E+00
+169.800E+00,-84.28243E+00
+169.900E+00,-81.67200E+00
+170.000E+00,-86.44452E+00
+170.100E+00,-80.79489E+00
+170.200E+00,-84.87563E+00
+170.300E+00,-81.18614E+00
+170.400E+00,-99.95028E+00
+170.500E+00,-85.02953E+00
+170.600E+00,-84.69721E+00
+170.700E+00,-94.55628E+00
+170.800E+00,-85.78155E+00
+170.900E+00,-80.25173E+00
+171.000E+00,-80.30163E+00
+171.100E+00,-82.74540E+00
+171.200E+00,-83.33021E+00
+171.300E+00,-77.02831E+00
+171.400E+00,-79.48083E+00
+171.500E+00,-86.23860E+00
+171.600E+00,-108.57810E+00
+171.700E+00,-84.47999E+00
+171.800E+00,-87.23264E+00
+171.900E+00,-83.61600E+00
+172.000E+00,-83.66260E+00
+172.100E+00,-86.55168E+00
+172.200E+00,-81.94745E+00
+172.300E+00,-85.91086E+00
+172.400E+00,-88.63393E+00
+172.500E+00,-93.21333E+00
+172.600E+00,-78.47445E+00
+172.700E+00,-82.03468E+00
+172.800E+00,-87.93812E+00
+172.900E+00,-87.83152E+00
+173.000E+00,-78.51006E+00
+173.100E+00,-79.93343E+00
+173.200E+00,-78.65853E+00
+173.300E+00,-78.10089E+00
+173.400E+00,-87.14377E+00
+173.500E+00,-101.63461E+00
+173.600E+00,-86.85839E+00
+173.700E+00,-91.07216E+00
+173.800E+00,-98.56050E+00
+173.900E+00,-111.07418E+00
+174.000E+00,-84.61133E+00
+174.100E+00,-78.79129E+00
+174.200E+00,-81.44575E+00
+174.300E+00,-78.05518E+00
+174.400E+00,-82.96024E+00
+174.500E+00,-79.80932E+00
+174.600E+00,-90.97308E+00
+174.700E+00,-86.29145E+00
+174.800E+00,-78.79255E+00
+174.900E+00,-86.55217E+00
+175.000E+00,-96.86431E+00
+175.100E+00,-95.81943E+00
+175.200E+00,-86.04015E+00
+175.300E+00,-85.03459E+00
+175.400E+00,-91.20625E+00
+175.500E+00,-87.47562E+00
+175.600E+00,-88.67549E+00
+175.700E+00,-75.93701E+00
+175.800E+00,-97.57919E+00
+175.900E+00,-91.86393E+00
+176.000E+00,-85.87040E+00
+176.100E+00,-84.51992E+00
+176.200E+00,-93.30694E+00
+176.300E+00,-89.43803E+00
+176.400E+00,-87.71257E+00
+176.500E+00,-89.34328E+00
+176.600E+00,-97.33273E+00
+176.700E+00,-88.83964E+00
+176.800E+00,-84.21442E+00
+176.900E+00,-87.14053E+00
+177.000E+00,-90.68296E+00
+177.100E+00,-82.71153E+00
+177.200E+00,-88.77037E+00
+177.300E+00,-95.48800E+00
+177.400E+00,-98.95574E+00
+177.500E+00,-81.37284E+00
+177.600E+00,-79.07719E+00
+177.700E+00,-82.57417E+00
+177.800E+00,-82.56397E+00
+177.900E+00,-79.48493E+00
+178.000E+00,-83.13597E+00
+178.100E+00,-88.72211E+00
+178.200E+00,-81.58456E+00
+178.300E+00,-79.33917E+00
+178.400E+00,-84.00702E+00
+178.500E+00,-83.67525E+00
+178.600E+00,-77.55170E+00
+178.700E+00,-80.08386E+00
+178.800E+00,-88.35264E+00
+178.900E+00,-90.96346E+00
+179.000E+00,-84.49369E+00
+179.100E+00,-87.40144E+00
+179.200E+00,-87.70003E+00
+179.300E+00,-89.00514E+00
+179.400E+00,-97.37356E+00
+179.500E+00,-85.23796E+00
+179.600E+00,-77.44887E+00
+179.700E+00,-83.07250E+00
+179.800E+00,-87.28960E+00
+179.900E+00,-89.41767E+00
+180.000E+00,-83.91597E+00
+180.100E+00,-91.36357E+00
+180.200E+00,-86.80101E+00
+180.300E+00,-96.74191E+00
+180.400E+00,-82.97699E+00
+180.500E+00,-89.64889E+00
+180.600E+00,-86.06895E+00
+180.700E+00,-84.11008E+00
+180.800E+00,-85.88939E+00
+180.900E+00,-97.77427E+00
+181.000E+00,-85.86870E+00
+181.100E+00,-78.96905E+00
+181.200E+00,-79.05111E+00
+181.300E+00,-88.09089E+00
+181.400E+00,-84.34925E+00
+181.500E+00,-91.30265E+00
+181.600E+00,-80.26020E+00
+181.700E+00,-81.54682E+00
+181.800E+00,-84.72602E+00
+181.900E+00,-81.25157E+00
+182.000E+00,-84.54131E+00
+182.100E+00,-87.45319E+00
+182.200E+00,-81.93342E+00
+182.300E+00,-82.66679E+00
+182.400E+00,-88.69579E+00
+182.500E+00,-84.82222E+00
+182.600E+00,-84.56570E+00
+182.700E+00,-82.88672E+00
+182.800E+00,-91.49403E+00
+182.900E+00,-98.20578E+00
+183.000E+00,-88.18285E+00
+183.100E+00,-81.63401E+00
+183.200E+00,-80.16371E+00
+183.300E+00,-86.60943E+00
+183.400E+00,-86.46270E+00
+183.500E+00,-88.81483E+00
+183.600E+00,-91.83451E+00
+183.700E+00,-91.32645E+00
+183.800E+00,-91.48900E+00
+183.900E+00,-80.34662E+00
+184.000E+00,-83.30951E+00
+184.100E+00,-82.56454E+00
+184.200E+00,-78.54570E+00
+184.300E+00,-83.60576E+00
+184.400E+00,-84.81904E+00
+184.500E+00,-85.78713E+00
+184.600E+00,-84.99385E+00
+184.700E+00,-84.46859E+00
+184.800E+00,-99.05174E+00
+184.900E+00,-96.49254E+00
+185.000E+00,-82.03423E+00
+185.100E+00,-82.53266E+00
+185.200E+00,-83.47867E+00
+185.300E+00,-75.91656E+00
+185.400E+00,-80.00061E+00
+185.500E+00,-97.07104E+00
+185.600E+00,-84.24097E+00
+185.700E+00,-90.84233E+00
+185.800E+00,-87.72364E+00
+185.900E+00,-87.16198E+00
+186.000E+00,-83.97597E+00
+186.100E+00,-80.38451E+00
+186.200E+00,-92.60575E+00
+186.300E+00,-85.87408E+00
+186.400E+00,-78.41772E+00
+186.500E+00,-84.81744E+00
+186.600E+00,-90.97063E+00
+186.700E+00,-89.03161E+00
+186.800E+00,-85.35725E+00
+186.900E+00,-81.21395E+00
+187.000E+00,-105.58833E+00
+187.100E+00,-84.59732E+00
+187.200E+00,-81.24277E+00
+187.300E+00,-78.65686E+00
+187.400E+00,-82.00673E+00
+187.500E+00,-89.29272E+00
+187.600E+00,-87.92744E+00
+187.700E+00,-85.86218E+00
+187.800E+00,-83.75325E+00
+187.900E+00,-80.80215E+00
+188.000E+00,-86.81850E+00
+188.100E+00,-85.80714E+00
+188.200E+00,-82.56098E+00
+188.300E+00,-83.26584E+00
+188.400E+00,-75.77721E+00
+188.500E+00,-77.90855E+00
+188.600E+00,-82.86190E+00
+188.700E+00,-78.50436E+00
+188.800E+00,-91.06538E+00
+188.900E+00,-80.80180E+00
+189.000E+00,-81.48217E+00
+189.100E+00,-93.27366E+00
+189.200E+00,-83.32013E+00
+189.300E+00,-78.05263E+00
+189.400E+00,-85.82957E+00
+189.500E+00,-80.57377E+00
+189.600E+00,-82.35947E+00
+189.700E+00,-76.18530E+00
+189.800E+00,-91.77459E+00
+189.900E+00,-84.33228E+00
+190.000E+00,-79.73831E+00
+190.100E+00,-78.89833E+00
+190.200E+00,-80.82661E+00
+190.300E+00,-86.52825E+00
+190.400E+00,-86.24726E+00
+190.500E+00,-81.62293E+00
+190.600E+00,-84.65647E+00
+190.700E+00,-93.00233E+00
+190.800E+00,-91.18764E+00
+190.900E+00,-99.96290E+00
+191.000E+00,-83.30941E+00
+191.100E+00,-82.42637E+00
+191.200E+00,-84.35229E+00
+191.300E+00,-86.71390E+00
+191.400E+00,-86.00785E+00
+191.500E+00,-80.63262E+00
+191.600E+00,-81.34207E+00
+191.700E+00,-84.11647E+00
+191.800E+00,-84.76553E+00
+191.900E+00,-90.25281E+00
+192.000E+00,-90.72246E+00
+192.100E+00,-96.85207E+00
+192.200E+00,-83.99921E+00
+192.300E+00,-85.12099E+00
+192.400E+00,-87.48611E+00
+192.500E+00,-85.47989E+00
+192.600E+00,-84.15584E+00
+192.700E+00,-82.77138E+00
+192.800E+00,-82.94517E+00
+192.900E+00,-83.80926E+00
+193.000E+00,-105.63792E+00
+193.100E+00,-82.61820E+00
+193.200E+00,-94.38754E+00
+193.300E+00,-87.65899E+00
+193.400E+00,-88.57250E+00
+193.500E+00,-83.12858E+00
+193.600E+00,-84.10650E+00
+193.700E+00,-91.83799E+00
+193.800E+00,-85.46734E+00
+193.900E+00,-86.36426E+00
+194.000E+00,-79.35618E+00
+194.100E+00,-79.74820E+00
+194.200E+00,-92.77483E+00
+194.300E+00,-81.84976E+00
+194.400E+00,-85.51341E+00
+194.500E+00,-91.23036E+00
+194.600E+00,-88.20945E+00
+194.700E+00,-91.01815E+00
+194.800E+00,-83.11689E+00
+194.900E+00,-88.71101E+00
+195.000E+00,-90.42003E+00
+195.100E+00,-84.28151E+00
+195.200E+00,-84.12378E+00
+195.300E+00,-86.00666E+00
+195.400E+00,-97.11060E+00
+195.500E+00,-96.54758E+00
+195.600E+00,-103.52206E+00
+195.700E+00,-86.62635E+00
+195.800E+00,-86.62930E+00
+195.900E+00,-78.13960E+00
+196.000E+00,-82.26681E+00
+196.100E+00,-81.34645E+00
+196.200E+00,-81.36251E+00
+196.300E+00,-84.74982E+00
+196.400E+00,-81.95147E+00
+196.500E+00,-80.87335E+00
+196.600E+00,-87.02754E+00
+196.700E+00,-94.52746E+00
+196.800E+00,-99.92563E+00
+196.900E+00,-87.72588E+00
+197.000E+00,-84.49103E+00
+197.100E+00,-78.85684E+00
+197.200E+00,-75.55253E+00
+197.300E+00,-85.54449E+00
+197.400E+00,-100.78697E+00
+197.500E+00,-84.06462E+00
+197.600E+00,-88.85192E+00
+197.700E+00,-90.12855E+00
+197.800E+00,-86.45591E+00
+197.900E+00,-98.58953E+00
+198.000E+00,-86.83021E+00
+198.100E+00,-85.50815E+00
+198.200E+00,-79.29963E+00
+198.300E+00,-89.03023E+00
+198.400E+00,-86.31320E+00
+198.500E+00,-84.00213E+00
+198.600E+00,-92.95296E+00
+198.700E+00,-85.32793E+00
+198.800E+00,-83.98501E+00
+198.900E+00,-88.53230E+00
+199.000E+00,-91.19835E+00
+199.100E+00,-95.92880E+00
+199.200E+00,-84.03730E+00
+199.300E+00,-86.67126E+00
+199.400E+00,-82.13918E+00
+199.500E+00,-91.73338E+00
+199.600E+00,-81.28976E+00
+199.700E+00,-78.05653E+00
+199.800E+00,-84.84951E+00
+199.900E+00,-84.57704E+00
